poi_id,name,latitude,longitude,district_id
1,Боровицкие ворота,55.7489442,37.6124101,1
3,Кириллу и Мефодию,55.7546114,37.6339331,1
4,108 Minutes,55.739982,37.62611806,4
5,17/3 Capsule hotel and lounge,55.763842,37.614545,5
6,Юрию Долгорукому,55.7618096,37.6101609,1
11,Царь-пушка,55.7514667,37.6179211,1
16,5 Небо,55.75774,37.63342,14
17,О. Н. Ефремову,55.7593714,37.6111279,1
18,7 слонов,55.75773,37.63255,14
22,В. Г. Шухову,55.7661206,37.635674,14
23,А. С. Грибоедову,55.7644614,37.639259,15
24,Н. К. Крупской,55.7666224,37.6322918,14
25,В. С. Высоцкому,55.7681702,37.6129196,1
26,А. С. Пушкину,55.7653354,37.6054856,1
27,ALL MUSIC Hostel №1 Маяковская,55.771147,37.60126,5
28,Александру II,55.7457521,37.6068567,9
32,ApeironSpace,55.748518,37.627229,4
33,Apple Dream Hotel,55.730462,37.626432,4
34,Arbatnine,55.75156,37.5979,26
35,Art Apart Hotel Moscow,55.771335,37.612586,5
39,Н. Г. Чернышевскому,55.7590661,37.6471132,15
41,Axel Hostel,55.737912,37.640183,4
42,Axel Hotel & Hostel,55.757308,37.646597,14
43,Axis Moscow,55.75152,37.59767,26
44,Axis Moscow Colors,55.772855,37.620248,5
45,Axis.Moscow Island,55.73757,37.64206,4
49,Balchug Viewpoint Hotel,55.746588,37.62801,4
50,Barin Residence Centre,55.747629,37.627543,4
51,Barin Residence Grand,55.76158,37.63204,16
52,Barin Residence Myasnitskaya,55.761512,37.631954,16
53,Barista Bed&Breakfast,55.75776797642852,37.6506,14
55,Нулевой километр,55.755847,37.6177036,1
59,Bercy Arbat Hotel,55.753119,37.591566,26
60,Малый Власьевский переулок,55.747257,37.5928611,9
64,Brick Design Отель,55.76328,37.63634,14
67,Brizal,55.76398,37.60867,5
68,Bulgakov Residence,55.764782,37.599255,5
74,Capital Guest House,55.740169,37.626205,4
75,Caps Hotel,55.744764,37.599094,33
76,Caps Hotel на Остоженке,55.742767,37.600801,33
77,Centeral Hotel,55.764222,37.618075,5
79,Che Hotel,55.771238502086575,37.603,5
80,Cheers,55.75571,37.60199,15
81,CHEERS Capsule Place,55.755586,37.602292,15
86,City Garden Hotel Taganskaya,55.748042,37.655032,27
88,City Life Hotel,55.768306,37.634313,16
89,CODE Coliving,55.742367,37.617339,38
90,Come Inn,55.7375,37.63477,4
94,Courtyard Петровка,55.76473,37.61503,5
97,Crossroads,55.739,37.64391,4
98,Crowne Plaza Moscow Tretyakovskaya,55.73938,37.63666,4
101,Cube,55.753909,37.585655,26
102,Жилой дом на Котельнической набережной,55.7470836,37.6426543,20
103,Custos Petrovsky,55.76832,37.61482,5
106,Галерея искусства стран Европы и Америки XIX—XX веков,55.7464881,37.6053051,9
108,Государственный музей А.С.Пушкина,55.7440686,37.5968988,9
110,Троицкие ворота,55.7523171,37.6142924,1
111,Государственный центральный театральный музей им. А. А. Бахрушина,55.7317886,37.6380937,52
114,Diplomat Residence,55.733303,37.616682,38
121,Eden Hotel,55.753899,37.637982,14
124,Царь-пушка,55.7514667,37.6179211,1
125,Eliseevsky Hotel,55.76337,37.60791,5
126,Г. К. Жукову,55.7558556,37.6168327,1
127,Царь-колокол,55.7507674,37.6184371,1
128,Evans,55.761852,37.640866,14
130,Florinn,55.76433907334179,37.6084,5
132,Forton,55.730613,37.619306,38
133,Four Seasons Hotel Moscow,55.75659,37.61655,5
135,А. С. Пушкину,55.7653354,37.6054856,1
138,Galina's Flat,55.763356,37.646795,14
139,Gallery,55.73326,37.62547,4
148,GloryVell,55.76643,37.61655,5
149,Golden Horse,55.75952600541351,37.6311,14
152,Gostika,55.765718,37.59111,15
154,Grada Boutique Hotel,55.761041,37.617231,5
155,Grand Hotel Felix,55.764962,37.61485,5
163,Grossotel,55.738313,37.604786,33
167,Guest Room SAD 2,55.769484,37.622747,50
168,Guest Room SAD 3,55.765909,37.632125,16
170,Н. В. Гоголю,55.7539357,37.5997708,3
171,Hanzer,55.769553,37.630357,50
172,Happy,55.76519,37.60855,5
173,Happy (Paradise) на Новом Арбате,55.75294375582701,37.5926,26
178,Heart of Moscow на Смоленке,55.74052095956441,37.5864,33
179,Heritage,55.763467,37.635305,16
185,пограничникам Отечества,55.7490395,37.6426122,20
189,Hotel Continental,55.767423,37.601178,5
190,Карлу Марксу,55.7583717,37.6195803,1
192,Hotel Pokrovka-48,55.763297,37.654859,14
196,Нулевой километр,55.755847,37.6177036,1
206,InterQube,55.73963342423771,37.6327,4
207,InterQube Большая полянка,55.73109,37.62213,38
208,InterQube Чистые пруды,55.761712,37.647352,14
213,Just Hostel,55.73371,37.634856,4
218,KENSINGTON HOTEL (Кенсингтон отель),55.74721,37.60904,33
221,Kirin Hotel,55.76359,37.60865,5
240,La Maison Hotel на Большой Дмитровке,55.762166,37.613063,5
243,Московский музей современного искусства (отдельное здание),55.7655131,37.5921544,16
247,Landmark City Hotel,55.751154,37.596843,26
248,Landmark Guest House,55.772573,37.617231,5
258,Light Dream,55.759321,37.632818813491,14
261,Музей-квартира А. С. Пушкина,55.7475414,37.5858475,3
264,Loft Hostel 77,55.76268,37.60524,5
265,Loft Hotel H11,55.75676,37.643474,14
266,Loft Hotel P12,55.757891,37.650684,14
267,Loft P12,55.75793,37.65065,14
277,Magic Harp,55.760373,37.651699,14
278,Magic Сircus,55.77291,37.620766,5
279,Mamaison All-Suites Spa Hotel Pokrovka,55.761887,37.653029,14
287,Mercure Арбат Москва,55.74862789706612,37.584,26
289,П. Д. Кончаловскому,55.7550658,37.5845087,3
291,Mila Guest House,55.770745,37.617245,5
292,"Фонд культуры ""Екатерина""",55.762556,37.6281285,23
298,Moon Sky 24/7,55.7322,37.620878,38
302,А. С. Пушкину,55.7554427,37.6127873,1
303,Moscow Point-Red October,55.741824,37.609725,38
305,М. В. Ломоносову,55.7541957,37.6113254,3
306,MOSS,55.761117,37.635961,14
307,MOST,55.739919,37.643129,4
308,Movies,55.761307,37.649186,14
310,П. Н. Лебедеву,55.755474,37.6128224,1
313,М. И. Калинину,55.7526887,37.6109068,3
314,MYS,55.76124046899638,37.636,14
315,Mövenpick,55.744313912972224,37.654,27
316,N-House,55.74497,37.62576,4
317,М. А. Максимовичу,55.7541494,37.6107815,3
318,National Luxury Collection Hotel,55.75664,37.61409,5
320,Ивану Фёдорову,55.7589978,37.6235051,1
322,В. И. Вернадскому,55.7547875,37.6120769,1
323,Жертвам теракта в Беслане,55.753054,37.6394244,20
324,Nice Hostel Paveletskaya (Найс Павелецкая),55.737735,37.644594,4
329,Богоявленский монастырь,55.755722,37.6232681,1
332,Norke Prime Kitay-gorod,55.75239,37.64115,27
336,Norke Prime Сретенская,55.771601,37.632664,16
341,И. А. Бунину,55.7551332,37.5917538,3
347,ONE Кузнецкий Мост,55.762225,37.624754,50
354,Page 20,55.752084,37.592578,26
359,Paradise,55.763826,37.60731,5
360,Paradise Boutique A.V. Tverskaya,55.76375,37.60737,5
364,"Pentahotel Moscow, Arbat",55.75184,37.59239,26
366,PEOPLE Loft Tverskaya,55.769879,37.602445,5
367,People Red Square,55.74793,37.62135,38
368,PEOPLE Тверская Стрит,55.7699,37.60251,5
373,Port Comfort on Pokrovka,55.760282,37.64887,14
376,PR Myasnitsky,55.762617,37.634398,16
377,PR Myasnitsky Boutique Hotel,55.762617,37.634398,16
378,Pushka,55.76699,37.60784,5
379,Знаменский монастырь,55.7527241,37.6289723,1
384,Red Brick,55.75586577389632,37.644,14
388,Revival,55.764703,37.61521,5
389,Revival Hotel,55.76474424225269,37.6153,5
400,Музей В.В. Маяковского,55.759489,37.6294805,15
401,RTN Arbat,55.752961,37.588859,26
404,Минину и Пожарскому,55.7528014,37.6226239,1
410,Seven Hills на Лубянке,55.75754,37.62549,5
411,Seven Hills на Трубной,55.769373,37.624849,50
414,Б. Ш. Окуджаве,55.7481529,37.5878236,3
418,Sigale,55.757111,37.603109,15
425,Sleep at home,55.74197,37.59541,33
426,Музей С. С. Прокофьева,55.7601513,37.6144128,1
427,SleepyTom,55.77002,37.60312,5
430,Александру Пушкину и Наталье Гончаровой,55.7477772,37.5857616,3
436,Strawberry Duck Moscow,55.760753,37.64083,14
440,Sweet Home,55.740299,37.610656,38
444,Telix since 1999,55.76514,37.61521,5
445,Tesla,55.769747,37.62846,50
448,The Park,55.73762,37.59499,33
450,И. Е. Репину,55.7449134,37.6178602,6
451,The St. Regis Moscow Nikolskaya,55.75854,37.62591,5
455,TImeLapse,55.770871,37.631667,50
470,Turris Hotel Lubyansky,55.75576,37.63369,14
471,Turris Hotel Petrovsky,55.76837,37.61477,5
472,Turris Hotel Tagansky,55.749992,37.648826,27
473,Соловецкий камень,55.7591305,37.6276092,1
474,Twelve Reasons,55.747632,37.655023,27
475,А. Л. Мясникову,55.7567043,37.638288,15
480,Viewpoint City Center Hotel,55.74662,37.62878,4
482,Viva la Vida!,55.74801,37.655145,27
484,VIZAVI,55.75515,37.63774,14
485,VOYAGE Hotel & Hostel,55.748714,37.637338,27
486,Weekend Inn,55.74374,37.627678,4
492,Wood Design Hotel,55.750229,37.645623,27
497,Б. Ш. Окуджаве,55.7481529,37.5878236,3
500,А. И. Хачатуряну,55.7594686,37.6082184,16
501,А.Kosterev Moscow,55.75963042929283,37.6094,5
502,А4 Покровка,55.75877502412735,37.6398,14
512,А. П. Чехову,55.7595927,37.6130687,1
515,Автор на Чистых прудах,55.761852,37.640866,14
517,Дом-музей А.Н. Островского,55.7387976,37.626381,52
518,Агиос на Курской,55.75373,37.65418,27
519,Адажио Москва Павелецкая,55.73609,37.63561,4
522,АдвокатЪ,55.74528144079541,37.589,33
523,АдвокатЪ на Арбате,55.75036622907909,37.594,26
532,Акварель,55.76254426961623,37.6145,5
534,Медея,55.7431647,37.6298148,52
537,Алеон,55.73024,37.62615,4
540,Альт-отель на Курской,55.75941,37.652679,14
544,Амбассадори,55.739584287816186,37.596,33
563,Апельсин,55.76543,37.60782,5
568,Апельсин на Арбатском,55.756341,37.602202,15
577,Апельсин на Сретенском бульваре,55.76527,37.63247,16
578,Апельсин на Тверской,55.770561,37.602516,5
579,Апельсин на Тверском бульваре,55.7594489750652,37.59902,15
582,Апельсин у Кремля,55.759937,37.614168,5
583,Апельсин Чистые пруды,55.7626347375527,37.64417,14
587,Арарат Парк Хаятт,55.75991,37.62136,50
588,Арбат,55.75544,37.59142,26
589,Арбат,55.75045030915118,37.5846,26
590,Арбат,55.746324,37.588929,33
591,Арбат,55.764815,37.615857,5
592,Арбат 42,55.74872550043797,37.5868,26
593,Арбат 51,55.74786,37.58684,26
594,Арбат 6,55.75171,37.597522,26
595,Арбат Инн,55.7494592711143,37.58379,26
596,Арбат Хаус,55.75585479910332,37.5947,15
597,Арбатский,55.74776,37.58647,26
601,Аристократ,55.763564,37.609721,5
603,Ариум,55.770808,37.604065,5
610,Арт Галактика,55.772247,37.610572,5
612,Арт Хостел,55.749385,37.594113,26
614,Артель,55.75981,37.622596,50
616,Артист,55.74841,37.63817,27
622,Арткорт Москва Центр отель,55.758063,37.604241,15
623,Арум на Китай-городе,55.758451,37.642965,14
628,Ассамблея Никитская,55.75639,37.60693,15
629,Сретенский двор,55.7702537,37.6334737,14
630,Астра на Арбате,55.756921,37.592228,15
633,И. А. Крылову,55.7645367,37.5914052,16
643,М. А. Шолохову,55.7469368,37.5999031,9
644,Дом на набережной,55.7451872,37.6119663,6
645,Бабушка Долл,55.763711,37.648528,14
646,Багет,55.73754,37.59501,33
647,Багратион,55.74082,37.59503,33
648,Базис-М,55.76255,37.644229,14
650,Балчуг Кемпински Москва,55.74832,37.62598,4
654,Башенка,55.761153,37.623304,50
659,Грот «Руины»,55.7537642,37.6153707,1
660,Бентлей,55.760005,37.64989,14
664,Берси Арбат Отель,55.753119,37.591566,26
665,Беседка,55.763077,37.646381,14
667,Библиотека Хамовники,55.745235,37.589338,33
670,Билибин Гарден,55.7479287686425,37.62715,4
672,В ознаменование 300-летия Российского флота,55.771986,37.634701,14
678,Большой Казенный,55.760137,37.654178,14
680,БонАпарт,55.74277,37.632114,4
683,Музей холодной войны (экспозиционный комплекс Бункер-42),55.7416458,37.6491082,20
684,Борис Годунов,55.765019,37.622097,50
691,Брестоль,55.76749858845929,37.6081,5
694,На Сухаревской,55.7715603,37.6311583,23
695,Броско Отель Арбат,55.75146,37.58603,26
702,Будапешт,55.763827,37.618587,5
709,Бутик Апарт Арбат,55.744578,37.589792,33
710,Буше на Чистопрудном бульваре,55.76066737104548,37.6464,14
713,Ва-банк,55.75977,37.64094,14
714,Вавилон,55.75789,37.601307,15
717,Ван Гог,55.75976,37.65646,14
735,Старый цирк,55.7705819,37.6218295,23
738,В. В. Воровскому,55.7624677,37.6269018,23
741,Веллион Павелецкая,55.734023,37.63658,4
743,Венеция,55.76503,37.60811,5
746,Версаль на Арбате,55.753215,37.585017,26
748,Версаль на Тверской,55.763369,37.607912,5
753,ВИЗАВИ,55.75517,37.637722,14
754,Грот «Руины»,55.7537642,37.6153707,1
756,Вилла Кадаши,55.7438,37.62187,38
757,В память 300-летия царствования Дома Романовых,55.7536948,37.6148295,1
760,Винтерфелл на Арбате,55.75441,37.586877,26
762,Винтерфелл на Кропоткинской,55.738689,37.605372,33
765,С. А. Чаплыгину,55.7650509,37.6456418,15
767,Ленин-гимназист,55.7653502,37.6416116,15
768,Кремлёвские куранты,55.752513,37.621358,1
769,Винтерфелл на Тверской,55.768794,37.601277,5
770,Винтерфелл на Третьяковской,55.735474132581,37.625127,4
771,Винтерфелл На Цветном Бульваре,55.77296876089997,37.611,5
772,Винтерфелл на Чистых прудах,55.765602,37.639045,14
793,Времена Года,55.75358,37.605522,26
795,Времена Года Таганская,55.74389416669987,37.6498,27
797,Встречи на Арбате,55.75143335005647,37.591,26
800,Града,55.7612296,37.6177102,1
803,Гавана,55.757295,37.601645,15
804,Марине Цветаевой,55.7542379,37.589584,3
814,Гестен,55.746096,37.631335,4
816,Гнёздышко,55.762774,37.605373,5
819,Город Патриаршие,55.760413,37.59392,15
825,Горькофф на Малой Бронной,55.762059,37.59613,15
829,М. М. Магомаеву,55.7596579,37.6053645,16
832,Гостиница Садовническая,55.74672,37.630742,4
834,Гостиный двор на Полянке,55.737223,37.617312,38
835,Мемориальный музей-квартира А. Н. Толстого,55.7585382,37.5966937,16
837,Амбассадори,55.7396382,37.5960592,9
844,Д-отель на Тверской,55.757891,37.612398,5
845,"Солдатам правопорядка, погибшим при исполнении служебного долга",55.7679267,37.6219131,23
848,Ю. В. Никулину,55.7705893,37.6208914,1
849,Центральный пограничный музей ФСБ России,55.7508201,37.6455571,20
853,Дворянское Гнездо на Сухаревке,55.77172,37.63779,16
855,Де Пари,55.763584,37.600729,15
858,Н. В. Томский,55.7318335,37.6073863,6
862,День и Ночь на Китай-городе,55.759413,37.638549,14
866,В. И. Сурикову,55.7410515,37.5919218,9
870,Династия Отель на Таганке,55.74496,37.65199,27
871,Скамейка ремёсел,55.7660847,37.6359496,14
878,Дом на Маяковке,55.76675,37.59672,5
879,Наполеон,55.7582026,37.6341187,15
882,Беседка,55.7631149,37.6464757,15
893,Елисеефф,55.744077,37.585866,26
896,Ель,55.760872401088,37.646193,14
904,Золотая Царицына палата,55.7507004,37.6163684,1
911,Золотой ключик,55.760197,37.636351,14
917,Ибис Москва Центр Бахрушина,55.73584,37.63542,4
920,Идеал,55.7587109246629,37.63645,14
921,Изба на Красной площади,55.743993,37.613125,38
922,Издатель Отель Тверская,55.763831,37.607198,5
935,Галерея Люмьер,55.739769,37.6101799,6
936,Советской семье,55.769063,37.6289757,23
945,Имрус Отель Москва,55.756417,37.584883,26
946,Ин Тайм,55.75134,37.607134,26
947,М. Л. Ростроповичу,55.7591119,37.6070752,16
949,Инга Хотелс Москва,55.764075,37.609164,5
950,Интермарк Резиденция на Новом Арбате,55.752141,37.59242,26
955,Ист-Вест,55.759729,37.601475,15
957,Кадашевская,55.744914183385,37.621543,38
961,Калифорния,55.76326700382504,37.5952,15
962,Калифорния на Покровке,55.761278,37.652471999999,14
963,Камергерский,55.759952,37.614177,5
972,Никольские ворота,55.7546027,37.6179649,1
973,Каретный ряд,55.77253,37.61706,5
974,Спасские ворота,55.7526214,37.6215346,1
980,Новая Третьяковка,55.7348087,37.6062274,6
986,Клуб 27,55.758807,37.588421,15
988,Ключевой Элемент,55.757516,37.602328,15
989,Кокон,55.757111,37.603109,15
1001,Комфорт Москва,55.74157,37.62793,4
1005,Концерт на Таганской,55.744901,37.652032,27
1012,Первой ЖД забастовке,55.7644437,37.5995598,16
1013,Красная Москва,55.77053223962046,37.6002,5
1017,В. А. Тропинину,55.7471893,37.6074991,9
1019,Круассан,55.737417,37.64458,4
1023,Крыша,55.74572616555197,37.6283,4
1025,Кукареку,55.76095,37.64894,14
1028,Музей книги,55.7604293,37.6406683,15
1037,Ладомир на Садовом,55.765796,37.647561,14
1041,Бабий городок,55.7349648,37.6089206,6
1043,Кадашёвская слобода,55.74398,37.6217894,6
1046,Лангуст,55.74356041092224,37.6492,27
1048,Лафаетт,55.763564,37.609721,5
1052,Зарядье,55.7513018,37.6288213,1
1054,Кошельная слобода,55.7493857,37.642824,20
1057,Булгаков,55.7478484,37.5874235,3
1060,ЛеонАрт,55.764529,37.645053,14
1061,Подкопаево,55.7527072,37.6412375,20
1066,Старая Москва,55.7585083,37.6365858,15
1067,Хитровка,55.7530449,37.6434941,15
1070,Базилика,55.750251,37.645608,20
1074,Лотте Отель Москва - The Leading Hotels of the World,55.75017,37.58392,26
1076,Лофт Никитская,55.757359,37.602669,15
1077,Лофт отель Зарядье,55.75132,37.6441,27
1078,Вшивая горка,55.7461583,37.6449294,20
1079,Лубянка Арт Отель,55.76060879892178,37.6357,14
1080,Лубянка Румс,55.761148,37.623304,50
1084,Старое Ваганьково,55.7494776,37.6049191,9
1086,Люмьер,55.760894,37.632475,14
1090,Магна (Парадис) Китай-Город,55.75480977187729,37.6382,14
1095,Макаров,55.746117,37.630966,4
1097,Гостиный двор на Полянке,55.7371986,37.6173088,6
1098,Теремной дворец,55.7505837,37.6156276,1
1103,Малахит,55.76083,37.64954,14
1106,Старый замок,55.7434425,37.6136404,6
1108,Столичный,55.744279,37.6112347,6
1109,Могила Ю. В. Андропова,55.7535087,37.6197768,1
1111,Мансилион,55.76404,37.60915,5
1112,Могила С. М. Будённого,55.7536855,37.6194205,1
1115,Маркелл,55.77028,37.61689,5
1118,Могила К. У. Черненко,55.753699,37.6193937,1
1119,Марко Поло Пресня,55.76236,37.59424,15
1120,Маросейка 2/15,55.75719,37.63196,14
1121,Марриотт Гранд,55.76847,37.59966,5
1122,Могила И. В. Сталина,55.7534695,37.6198544,1
1123,Марриотт Ройал Аврора,55.76291,37.616584,5
1124,Могила А. А. Жданова,55.7536335,37.6195237,1
1128,Могила Л. И. Брежнева,55.7535373,37.6197201,1
1129,Мастер Арбат,55.74623,37.58611,33
1130,Могила М. В. Фрунзе,55.7536006,37.6195888,1
1132,Полянка,55.7585,37.6060159,16
1133,Могила Я. М. Свердлова,55.7535647,37.6196616,1
1134,Матрешка,55.759967,37.622502,50
1135,Могила М. И. Калинина,55.7534923,37.6198092,1
1137,Ванилла,55.7621831,37.5985217,16
1138,Пушкин,55.7643319,37.6026811,1
1139,Могила К. Е. Ворошилова,55.7536648,37.6194616,1
1140,Маяковский на Большой Садовой,55.765711,37.59118,15
1141,Могила Ф. Э. Дзержинского,55.7535216,37.6197512,1
1142,Мегаполис,55.758002,37.633625,14
1143,Мегаполис Тверская,55.75923914926153,37.6127,5
1145,Медея,55.743153,37.629642,4
1146,Р. Г. Гамзатову,55.7521477,37.6465834,20
1149,Патриарху Гермогену,55.7539923,37.6140399,1
1150,Меншиков,55.762708,37.638952,14
1151,Мери Поппинс,55.73878,37.62851,4
1152,Мери Поппинс Арбат,55.753564,37.589222,26
1153,Мери Поппинс на Пятницкой 20,55.74168,37.62761,4
1157,Меркюр Москва Павелецкая,55.73602,37.63595,4
1159,МетаМосква,55.749567,37.645033,27
1161,Метрополь,55.75843121135776,37.6216,5
1162,Мехмонхона,55.753585,37.598126,26
1166,А. А. Блоку,55.7591285,37.5952991,16
1170,Шолом-Алейхему,55.7599528,37.5967567,16
1174,Мини-Отель Фламинго Арбатская,55.75087,37.59962,26
1180,Минима Китай-Город,55.75474,37.63458,14
1189,МИРРОС Отель Москва Кремль,55.751087,37.610476,5
1204,Морошка,55.767268,37.607655,5
1213,Московские пейзажи,55.74624135812467,37.5935,33
1218,Мосс,55.761117,37.635961,14
1234,На Казачьем,55.735142,37.623425,38
1235,На Камергерском,55.760434,37.614419,5
1243,на Кузнецком,55.76141374469747,37.6172,5
1244,На Курской,55.764187,37.649579,14
1247,На Макаренко,55.760935,37.648007,14
1248,на Малом Каретном 11,55.77137,37.61523,5
1249,на Маросейке,55.758287401864926,37.634,14
1255,На Павелецкой,55.73817,37.63968,4
1257,На Петровке,55.764323,37.615407,5
1258,На Покровке,55.759821,37.647037,14
1263,на Пушкинской,55.772897,37.610242,5
1268,"На Садовой-Кудринской, 8-12",55.7632,37.5925,15
1272,В. Гюго,55.7702244,37.6081463,1
1275,С. В. Рахманинову,55.7675888,37.6112875,1
1276,На Сухаревке,55.77155954936368,37.6311,50
1277,На Сухаревской вдоль улицы Сретенка,55.771202274603326,37.631,50
1284,А. И. Герцену,55.7555714,37.6122535,1
1285,на Цветном,55.773,37.62004,5
1286,На Цветном Бульваре,55.768218,37.618255,5
1287,Н. П. Огарёву,55.7551046,37.6117542,1
1288,На Чистых прудах,55.769367,37.635593,16
1289,Жертвам теракта 09.12.2003,55.7563328,37.6138528,1
1294,Набат Палас Арбат,55.74945,37.59077,26
1295,А.И. Герцену,55.7628947,37.6023351,16
1296,Выставочный зал фонда Андрея Чеглакова,55.7394624,37.5879265,9
1299,Московский дом Ахматовой,55.7571296,37.6106752,1
1300,Народная,55.763384,37.645246,14
1301,Наследие,55.7653536332198,37.65373,14
1302,Музей-квартира В.Э. Мейерхольда,55.7600859,37.6099116,1
1303,Наумов на Лубянке,55.764416,37.63108,16
1304,Наумов на Сретенке 1,55.76658346124528,37.631,50
1305,Весть,55.7590892,37.6065999,16
1307,Московский музей современного искусства,55.7595636,37.5992678,16
1308,журналистам Великой Отечественной войны,55.7538219,37.6013999,16
1310,Необыкновенный,55.77041511971097,37.6188,5
1316,Никитская капсула,55.75710789984591,37.6025,15
1320,Роза Азора,55.7570078,37.5992216,16
1322,С. А. Есенину,55.7615355,37.6017875,16
1325,А. В. Щусеву,55.7597014,37.5905223,16
1328,Новый Арбат,55.753195,37.599623,26
1329,Музей искусства народов Востока,55.7563931,37.5998947,16
1330,Новый Арбат 16,55.75319160736965,37.5914,26
1331,Новый Арбат 22,55.753058,37.58888,26
1342,Озерковская,55.73464,37.63953,4
1351,Омар Хайям,55.76523322557369,37.6084,5
1352,Оранж,55.75620183141253,37.6538,14
1354,Ордынка,55.7325621075475,37.62487,4
1361,Остоженка 47,55.737939,37.595689,33
1362,ОСТТРОВ,55.743634,37.640488,4
1363,Стена Цоя,55.7490497,37.5909234,3
1374,Отель АдвокатЪ на Покровке,55.761315,37.649912,14
1376,Отокомае,55.762145,37.620411,50
1377,Охостел,55.736859,37.625936,4
1379,П17 Отель,55.76448,37.616467,5
1382,Дом Высоцкого на Таганке,55.7444769,37.6518177,20
1383,Пан Чемодан,55.759378,37.638735,14
1385,Хитровка,55.7520124,37.6418949,20
1386,Пара,55.763852,37.64604,14
1388,Парадис Отель на Чистых Прудах,55.763852,37.64604,14
1389,Музей книги,55.7522192,37.6087385,3
1390,"А. Володину, А. Вампилову, В. Розову",55.7644651,37.6461711,15
1395,Пастернак,55.75119,37.60643,26
1396,Пафос на Лубянке,55.76316521466915,37.6267,50
1398,Пафос у Арбата,55.747814,37.610287,5
1399,Пафос у Кремля,55.76316938005297,37.6268,50
1402,А. Н. Толстому,55.7578129,37.5942958,16
1412,Петр I,55.76355,37.61978,5
1413,Петровка 17,55.764561,37.615551,5
1414,Петровка 26,55.765443,37.617842,5
1427,Жертвам политических репрессий,55.771027,37.6148266,1
1428,И. П. Павлов,55.7523076,37.6082251,3
1429,Погости.ру на Чистых Прудах,55.762637,37.644189,14
1430,Подворье,55.757288,37.623043,5
1433,Покровка,55.763402,37.652607,14
1434,Покровка 6,55.758681,37.642069,14
1436,Дмитрию Донскому,55.7477449,37.6470775,20
1438,Полянка,55.732155,37.620593,38
1439,Полянка на Чистых Прудах,55.76004,37.64096,14
1443,Президент,55.737498,37.612782,38
1445,Государственный музей Л.Н. Толстого,55.7428122,37.5969685,9
1452,Птица-Синица,55.762774,37.605373,5
1453,Птичка,55.77074,37.62786,50
1454,Пушкарёв 16,55.7687391,37.62851539999,50
1455,Пушкин,55.76743,37.60437,5
1456,Пятницкая Hotel,55.745519,37.62775,4
1469,А. С. Пушкину,55.7499841,37.5877435,3
1476,Героям Плевны,55.7566835,37.631201,1
1478,Распутин апартаменты,55.75051,37.584685,26
1479,Ретро Москва Арбат,55.75441,37.586877,26
1480,Ретро Москва ул. Покровка,55.760844,37.649409,14
1483,К. С. Станиславскому и В. И. Немировичу-Данченко,55.7594845,37.6123184,1
1486,Ритц-Карлтон Москва,55.75744,37.61316,5
1487,Рихтер,55.73779,37.62792,4
1488,Робинхаус,55.742767,37.600792,33
1497,Кадашевская,55.7448646,37.6217321,6
1507,Рус Чистые Пруды,55.76190224633084,37.6376,14
1512,Рус-Парк культуры,55.738971,37.588692,33
1517,Руссо Балт,55.750626,37.599804,26
1518,А. К. Саврасову,55.764382,37.6363571,14
1520,Рыбка,55.764845,37.652652,14
1529,Сад 3,55.76595,37.63217,16
1530,Александру I,55.750441,37.6127702,1
1531,Садовническая 7,55.74662,37.62878,4
1533,Саквояж,55.760428,37.631682,14
1534,Пётр I,55.7635036,37.6197594,1
1536,Калинка,55.7707466,37.616609,1
1538,Сверчков 8,55.76025,37.63979,14
1543,Связист Плюс,55.766952,37.633194,16
1547,А. Т. Твардовскому,55.7669888,37.6097506,1
1552,Сенатор,55.76286,37.63052,16
1555,Памятная доска строительству высотного дома,55.7457433,37.6437987,20
1556,А. Н. Радищеву,55.743738,37.6502564,20
1561,Сити Комфорт,55.758514,37.634012,14
1565,СИТИ'КО на Чистых прудах,55.762039,37.637452,14
1566,Ситикомфорт на Арбатской,55.755459,37.604403,15
1567,Ситикомфорт на Новокузнецкой,55.745501,37.628111,4
1568,Ситикомфорт на Тверской,55.762531221023664,37.606,5
1571,Старый город,55.7610394,37.6162267,1
1572,Скайвью Сити,55.757176,37.602085,15
1573,Скайвью Таганка,55.744901,37.652032,27
1575,Сквер,55.769879,37.602445,5
1577,В. П. Ногину,55.7563995,37.6331983,15
1585,Сова на Павелецкой,55.738414,37.639824,4
1589,Е.Ф. Гнесиной,55.75567,37.592661,3
1593,Солотель,55.76337,37.60791,5
1597,Софи,55.761153,37.623304,50
1598,Софит,55.76379,37.60168,15
1600,"Выставочный зал ""АхДи""",55.7506848,37.5957474,3
1610,Сретенская,55.769249,37.631487,50
1611,Сретенский двор,55.7704964,37.633162,16
1612,СтандАрт,55.764987,37.606945,5
1613,Старая Москва,55.757744,37.634326,14
1615,Старосадский,55.756058,37.638655,14
1616,Старт,55.73948207899334,37.6487,27
1618,Red Kremlin,55.7512096,37.606329,3
1619,Старый город Home Hotel,55.761037,37.616371,5
1622,Столешников,55.76208,37.61535,5
1642,Тверская 12,55.763719,37.607531,5
1643,Тверская 5,55.75799362967319,37.6126,5
1644,Тверская loft,55.76431,37.6083,5
1646,Тверская Резиденция,55.759481,37.609892,5
1650,Тихонов,55.744029,37.623079,38
1655,Трефен Арбат,55.744444,37.588287,33
1661,Московский музей современного искусства (отдельное здание),55.7470341,37.6002885,9
1663,Филипповский переулок,55.7474093,37.5978655,3
1670,У Театра,55.759932,37.614141,5
1671,Уголок,55.76608,37.63282,16
1673,Уланская Отель,55.76841,37.63841,16
1674,Уланский,55.74992,37.61915,5
1681,Усадьба на Таганке,55.74562,37.646783,27
1689,Крыша,55.7586462,37.6328116,15
1693,Уют на Цветном Бульваре,55.77214927365229,37.6186,5
1695,Борис Годунов,55.7651196,37.6219897,23
1696,Уютная компания,55.763878,37.614532,5
1703,Феликс,55.764696,37.615226,5
1704,Воспитанникам московских специальных артиллерийских школ,55.7443196,37.5979568,9
1711,Винегрет,55.7518651,37.597889,3
1714,Колобок,55.7571205,37.6029523,16
1717,Фрателли,55.763711,37.607511,5
1724,Халва отель Полянка,55.733406,37.61993,38
1727,Руc-Оригами,55.7429842,37.6491403,20
1729,Печать,55.7310668,37.6127341,6
1731,Хитровка,55.7517935406065,37.64171,27
1732,Хованский,55.77012,37.6027,5
1736,Алекс,55.7571517,37.603002,16
1738,Л. Н. Толстому,55.7579453,37.5866644,16
1740,"Поклонный крест преподобной Евфросинии, великой княгине Московской",55.7664679,37.6273513,23
1742,Бумеранг,55.7672812,37.6261837,23
1745,Хостелы Рус - на Пречистенке,55.741368,37.595339,33
1746,Хостелы Рус Театральная,55.76366,37.61386,5
1749,Хостэль на Маросейке,55.758438,37.6365,14
1751,Христал Лубянка,55.760717,37.633562,14
1754,Сан-Франциско,55.7632306,37.6340974,14
1755,Циркус,55.771059,37.622396,50
1756,Цитадель Комфорт,55.76347,37.60963,5
1758,Чайковский,55.757194,37.601886,15
1759,Чайковский,55.76574229193578,37.5911,15
1764,Континент,55.7382466,37.6419026,52
1768,Чемодановъ,55.7582,37.63946,14
1770,Полянка на Чистых Прудах,55.7600189,37.6411638,15
1772,Чехов на Тверской,55.769048,37.604322,5
1773,Чехофф Отель Москва Кьюрио Коллекшен Хилтон,55.76892,37.60549,5
1775,Чистопрудный,55.763924,37.645968,14
1779,Шато Волго,55.759508,37.609823,5
1780,Ле Корбюзье,55.7673322,37.641819,14
1782,Шенонсо,55.76604,37.595564,15
1784,Покровка,55.7596961,37.6462861,15
1799,Элегант,55.760658,37.650334,14
1801,Элизиум,55.76523,37.60251,5
1811,Эрмитаж,55.75454,37.64996,14
1813,ЭСКВАЙР,55.768269,37.615982,5
1815,Государственный музей М. А. Булгакова,55.7670276,37.5939442,16
1820,Этюд,55.75035538704974,37.6465,27
1822,Монастырский хлеб,55.7549967,37.6403904,15
1823,Дом-музей А.П. Чехова,55.7603073,37.5860933,16
1827,Якиманка 38,55.734532,37.61114,38
1880,Мемориальный музей-квартира Е.Ф.Гнесиной,55.7552658,37.5922172,3
1882,Де Пари,55.7635832,37.6007964,16
1883,Х. Марти,55.7618811,37.5916776,16
1884,Арбат Хаус,55.7559026,37.5946661,16
1885,Фритьофу Нансену,55.7429531,37.5891422,9
1887,Н. Н. Озерову,55.7347036,37.6404606,52
1897,Музей детства,55.760394,37.6249678,23
1919,Дом И.С. Остроухова в Трубниках,55.7548346,37.5866715,3
1973,Мемориальная квартира Андрея Белого,55.74737,37.5855988,3
1977,Дом-музей А. И. Герцена,55.7471255,37.5918975,9
1987,Музей-квартира Г. С. Улановой,55.7466123,37.6418981,20
1989,Музей Императорского православного палестинского общества,55.7551257,37.6381335,15
1991,Музей Ю.В. Никулина,55.7578004,37.633077,15
1993,"Археологический выставочный комплекс ""Старый ""Гостиный двор""",55.7538794,37.6277982,1
1996,П. И. Чайковский и Москва,55.7581396,37.5853551,16
2016,Иконная лавка Казанского собора,55.7554492,37.6188777,1
2078,Музей-квартира А.М. Васнецова,55.7637956,37.6487268,15
2091,Московский музей образования,55.7360348,37.6298234,52
2094,Музей Игоря Талькова,55.7436562,37.6262588,52
2117,Комфорт-Москва,55.7414475,37.6279907,52
2129,Агиос-Отель,55.7536487,37.6542519,20
2136,Ф. Э. Дзержинскому,55.7353575,37.6090346,6
2138,СССР — оплот мира,55.7362828,37.6087279,6
2140,Дед Мазай и зайцы,55.7374961,37.6090506,6
2142,"Работникам фабрики, погибшим в Великой Отечественной войне",55.740554,37.6131666,6
2164,Песня,55.7691205,37.622057,23
2180,"100-летие открытия гостиницы ""Националь""",55.7565103,37.613949,1
2196,Выставочный зал дома Гоголя,55.753747,37.6000952,3
2208,Абаю Кунанбаеву,55.7624303,37.6430494,15
2220,Связист,55.7668457,37.6331036,14
2222,Арт-Трофи,55.767244,37.632277,14
2227,Ц. Л. Куникову,55.7638094,37.6549108,15
2232,Н. А. Некрасову,55.7451404,37.6393129,52
2237,А. В. Александрову,55.7436812,37.613997,6
2252,На Цветном,55.7729444,37.6201536,1
2279,В. И. Ленину,55.7705597,37.6236567,23
2290,В. А. Жуковскому,55.7565324,37.6534277,15
2338,Циркус,55.7711372,37.6224534,23
2345,Музей шахмат Российской шахматной федерации,55.7477911,37.6004296,9
2351,Дом великана,55.7506243,37.5948664,3
2362,Владимиру Великому,55.7496186,37.6102002,1
2368,О. Э. Мандельштаму,55.7551076,37.6388748,15
2372,Ф. Э. Дзержинскому,55.7698636,37.6128296,1
2377,Круассан,55.7374717,37.6447199,52
2398,Е. Б. Вахтангову,55.7517515,37.5900169,3
2400,Д`отель,55.7580424,37.6122194,1
2401,М. М. Плисецкой,55.7618243,37.6145857,1
2402,Центральный дом художника,55.734393,37.6043823,6
2425,"Студентам, преподавателям, сотрудникам архитектурного института, павшим в Великой Отечественной войне",55.7632179,37.623181,23
2440,С. С. Прокофьеву,55.7602884,37.6144697,1
2465,А. Г. Новикову,55.748093,37.6440178,20
2468,К. Г. Паустовскому,55.7481027,37.644071,20
2470,В. И. Мурадели,55.7481498,37.6444128,20
2473,П. В. Массальскому,55.7481808,37.6445826,20
2476,М. Н. Тихомирову,55.7482118,37.6447523,20
2479,Б. Н. Ласкорину,55.7481884,37.644893,20
2482,Благословенна в веках дружба народов России и Армении,55.7576239,37.5965596,16
2503,А. Н. Островскому,55.7596163,37.6202984,1
2505,Жбанову,55.756563,37.6125645,1
2508,Охранник,55.7581461,37.6240711,1
2510,Коровьев и Бегемот,55.7671738,37.5935552,16
2530,Голуби,55.7612883,37.624405,23
2536,"Святителю Алексию, митрополиту Московскому",55.740532,37.5995645,9
2537,Двуликий Янус,55.7389621,37.6024243,9
2539,Казачья Слобода,55.7357285,37.6197906,6
2540,Кремлевский,55.7522351,37.6134056,1
2542,О сквере Николая Яковлевича Киселева,55.7525482,37.5971231,3
2568,Ф. П. Гаазу,55.7608468,37.6533327,15
2579,Е. Ф. Светланову,55.7596508,37.6050066,16
2583,А. А. Ахматовой,55.7423958,37.6253238,52
2610,Стена с барельефами,55.7505343,37.6124649,1
2660,Времена года,55.7534551,37.6054009,3
2723,Статус,55.7571987,37.6018721,16
2750,Л. М. Сандалов,55.7558488,37.6332989,15
2753,Т. Т. Хрюкин,55.7558173,37.6333369,15
2758,Белокаменные детали фасадов 17—18 веков,55.7688395,37.610482,1
2809,Мемориальная квартира-музей Е. Б. Вахтангова,55.7436859,37.5878856,9
2857,Ханзер,55.7695286,37.6303204,23
2867,9-й Московской стрелковой дивизии народного ополчения,55.7339815,37.6307803,52
2900,Озерковская,55.734685,37.6395596,52
2901,Театральная галерея на Малой Ордынке,55.7387307,37.6258699,52
2907,Лермонтов,55.7363085,37.6098788,6
2911,Ломоносов,55.7370035,37.608953,6
2914,Олени,55.7372404,37.60859,6
2916,Аллея правителей,55.7565478,37.636425,15
2917,Сон,55.737374,37.6084077,6
2919,Лев суздальский,55.7373354,37.6083339,6
2922,Свердлов,55.7357049,37.6090802,6
2925,Сталин,55.7358287,37.6088764,6
2927,Аматерасу,55.7373459,37.6082159,6
2931,Лев,55.7372659,37.6080871,6
2933,Броненосец,55.7371678,37.6080039,6
2936,Юность,55.7371723,37.6079329,6
2939,Ленин,55.7361518,37.6088647,6
2942,Небо,55.7370622,37.6076982,6
2944,Юность,55.7370743,37.6077706,6
2949,Созерцания,55.737041,37.6077625,6
2950,Эрьзя,55.7364424,37.6095527,6
2953,Подводный мир,55.7369353,37.6078001,6
2956,Пробуждение,55.7368704,37.6071644,6
2959,Мистерия,55.7367622,37.6069459,6
2960,Арлекин,55.7363532,37.6063537,6
2963,Торжество труда: наука и искусство,55.7332191,37.6041388,6
3016,Адамово яблоко,55.7364225,37.6064765,6
3019,Добрый пастырь,55.7363107,37.6067983,6
3023,Вечером,55.7367734,37.60714,6
3026,Большой мяч,55.7367719,37.6071963,6
3029,Вита,55.7367115,37.6072715,6
3030,П. М. Третьякову,55.7414653,37.6209218,6
3032,Танец рыб,55.7366133,37.6074538,6
3035,Наутилус,55.7366375,37.6075102,6
3037,Улитка,55.7366224,37.6075906,6
3040,Яблоко,55.7366994,37.6077435,6
3044,Хидееси,55.7367901,37.6079099,6
3046,Самурай,55.7369214,37.6081311,6
3049,Торжество труда (Мир земле),55.7330253,37.6044484,6
3053,Аргумент,55.7374592,37.6090747,6
3054,Буратино,55.737364,37.6087234,6
3058,Жертвоприношение,55.7374698,37.6090104,6
3062,Изгнание,55.7374789,37.6091029,6
3064,Любовь,55.7375272,37.6090184,6
3068,Мюнхгаузен,55.7373799,37.6088494,6
3071,Рождение звука,55.7375612,37.609068,6
3074,Львята,55.7369221,37.6081767,6
3077,Философский камень,55.7369622,37.6081685,6
3081,Кормящая неродившихся,55.7369554,37.6081095,6
3084,Вечер,55.7371316,37.6090197,6
3088,Мать и Дитя,55.7370319,37.6091753,6
3091,Семья,55.737192,37.6091673,6
3094,Торс,55.7370961,37.6093121,6
3098,Варан,55.7370204,37.6082825,6
3100,Мудрец,55.7370355,37.6082409,6
3102,Мишка с мячом,55.7370823,37.6084488,6
3106,Прайд,55.7371827,37.6084944,6
3109,Слоник,55.7371572,37.6085829,6
3112,Волшебные звуки,55.7371754,37.6097305,6
3115,Колыбельная гения,55.7374065,37.6100811,6
3118,Менуэт,55.7373928,37.6099505,6
3120,Моцарт и Сальери,55.7373958,37.6098056,6
3122,Моцарт,55.7372116,37.6096742,6
3124,Музыка,55.7374638,37.6097761,6
3126,Посвящение Моцарту,55.7370123,37.6096849,6
3129,Пушкин,55.736825,37.6094703,6
3132,Репетиция оркестра,55.7371346,37.6097895,6
3135,Рояль,55.7370923,37.6098459,6
3138,Трон,55.7374819,37.6100041,6
3142,Обнаженная,55.7367932,37.6091435,6
3147,Сон,55.7367449,37.6090442,6
3149,О. Э. Мандельштаму,55.7552124,37.6391757,15
3151,Перекуём мечи на орала,55.734402,37.6059251,6
3154,Оберег,55.7367676,37.6092856,6
3157,Ева,55.7367494,37.6092481,6
3159,Поцелуй,55.7367268,37.6092025,6
3162,Реквием,55.7367072,37.6091596,6
3164,Беженцы,55.7367494,37.6091756,6
3166,Морские монтажники,55.7365833,37.6089503,6
3169,Оплакивание,55.736606,37.6088887,6
3175,Мать и Дитя,55.7378624,37.610224,6
3177,Ополченцам,55.7334213,37.6363,52
3179,Солнышко,55.7375015,37.610385,6
3180,Ополченцам Замоскворечья,55.7343308,37.6341789,52
3181,Стрелец,55.7374577,37.6104976,6
3183,М. И. Авербаху,55.7660253,37.65225,15
3184,Строительница,55.7364716,37.6090013,6
3185,М. С. Щепкину,55.7605333,37.6214118,23
3187,Слава труду,55.7363614,37.6088511,6
3188,Н. А. Качуевской,55.7607289,37.5885362,16
3190,Ленин,55.7362352,37.6087468,6
3192,Реквием-1941,55.7570441,37.5944983,16
3193,Сталин,55.7362017,37.6087292,6
3194,Косыгин,55.736106,37.6088283,6
3196,Памятный камень на месте первой баррикады в Москве,55.763329,37.6036484,1
3198,Брежнев,55.7360297,37.6087478,6
3200,Погибшим при взрыве здания МК РКП(Б),55.7609044,37.6060612,1
3201,Брежнев,55.736061,37.6086345,6
3202,Ленин,55.7359919,37.6085316,6
3204,М. Ю. Лермонтову,55.7532589,37.594473,3
3205,Маркс,55.7359556,37.6086699,6
3207,М. В. Фрунзе,55.7504376,37.6048535,3
3209,Отцы и дети,55.7372099,37.6106173,6
3211,Сергей Есенин,55.7366995,37.6097054,6
3214,Смерть отца,55.7372507,37.6103974,6
3217,Разоблачение,55.7339225,37.6065785,6
3223,"Фонтан любви, фонтан живой",55.7336425,37.6047197,6
3228,Рождение нового века,55.7336818,37.605352,6
3231,Являться муза стала мне,55.7337066,37.6046426,6
3233,Часовой,55.7342261,37.6063418,6
3236,Торс,55.7335874,37.607265,6
3239,Ангел,55.7336569,37.6072007,6
3240,Ночная дама,55.7336614,37.6071175,6
3243,Ф. Н. Петрову,55.7678293,37.6099294,1
3244,Созвездие,55.733743,37.6069767,6
3250,Фрагмент первоначальной линии подпорной стены конца XVIII - XIX вв.,55.7552336,37.6391068,15
3251,"Но время, время, Александр Сергеевич...",55.7335237,37.604538,6
3254,Корабль-призрак,55.7337012,37.6073281,6
3257,Сизиф,55.7337166,37.6074782,6
3263,Воин-призрак,55.7337897,37.6075228,6
3266,Первые ласточки,55.7346438,37.6071793,6
3269,Покой,55.7343296,37.6057206,6
3271,Врата,55.7335659,37.6056577,6
3278,И. И. Левитану,55.7557988,37.645677,15
3298,Н. Н. Поликарпову,55.7634624,37.5911292,16
3302,Н. П. Старостину,55.7660049,37.6025905,1
3305,С. А. Лавочкину,55.7657573,37.6030496,1
3331,"Командирам и курсантам, павшим на полях Гражданской войны",55.752398,37.6171452,1
3333,Георгий Победоносец,55.7558477,37.6146414,1
3339,А. Е. Архипову,55.7567038,37.6346065,15
3344,Леонарт,55.7643229,37.6453708,15
3375,В. И. Качалову,55.7595913,37.6077519,16
3378,Е. В. Гельцер,55.7595785,37.607727,16
3380,П. А. Горчакову,55.7479066,37.5971698,3
3389,Н. С. Хрущёву,55.7453981,37.5951812,9
3416,Пончики,55.7331132,37.6046733,6
3441,А. И. Лактионову,55.7652922,37.6038424,1
3442,Москва,55.7686804,37.5974661,1
3446,В. И. Ленину,55.7667438,37.601238,1
3458,Расулу Гамзатову,55.7680298,37.5988496,1
3461,А. А. Фадееву,55.7685575,37.5978165,1
3472,П. А. Ротмистрову,55.762045,37.60943,1
3475,Н. П. Хмелёву,55.7621029,37.6093591,1
3487,К. С. Станиславскому,55.7589939,37.6026959,16
3511,Пушкинский дуб,55.7597728,37.6007325,16
3514,А. А. Остужеву,55.7631473,37.5968569,16
3518,В. В. Бахиреву,55.7579309,37.6379727,15
3523,Б. Г. Скрамтаеву,55.7649601,37.5977905,16
3526,А. И. Южин-Сумбатов,55.7642971,37.5987477,16
3536,Н. П. Смирнову-Сокольскому,55.7639236,37.5936831,16
3539,Кара Караеву,55.7656809,37.5967174,16
3541,ГН. П. Брюханову,55.7627046,37.5949224,16
3542,Алисиум,55.761756,37.6049648,16
3556,К. Д. Бальмонту,55.7512459,37.58996,3
3570,А. Ф. Лосеву,55.7494281,37.5926466,3
3601,М. И. Цветаевой,55.7473636,37.5935937,9
3604,Дивизии народного ополчения Киевского района г. Москвы,55.7470082,37.5952834,9
3608,Песне «Подмосковные вечера»,55.7474417,37.5943327,9
3609,Работникам Центрального аппарата Главлесосбыта,55.7699964,37.6439182,14
3616,Музей — гуманитарный центр «Преодоление» имени Н.А.Островского,55.7642483,37.607018,1
3631,И. С. Тургеневу,55.7648779,37.6347452,14
3632,Музей оптических иллюзий,55.7503075,37.5927836,3
3665,А. С. Пушкину,55.7606266,37.6332025,15
3668,Д. В. Веневитинову,55.7605476,37.633034,15
3678,П. П. Будникову,55.748023,37.5842513,3
3681,"Дом, где жил писатель Е. Петров",55.7480031,37.5842644,3
3684,А. С. Степанову,55.7570663,37.646972,15
3687,С. С. Туликову,55.7590214,37.6090809,1
3689,Н. Я. Чайкину,55.7590595,37.6090387,1
3693,А. А. Бабаджаняну,55.7589109,37.6092183,1
3695,Г. П. Вишневской и М. Л. Ростроповичу,55.7589429,37.6091833,1
3735,Борис Немцов,55.7405332,37.62606,52
3747,Руднев Лев Владимирович,55.7644167,37.589431,16
3760,Учёный кот,55.7382607,37.5976951,9
3773,Наши художники,55.7408625,37.5964848,9
3818,В. С. Гулевичу,55.7550245,37.6111472,1
3836,Усадьба Охотниковых,55.7408059,37.5904968,9
3844,Глебу Жеглову и Владимиру Шарапову,55.7700009,37.6124232,1
3847,Мемориальная квартира Святослава Рихтера,55.7599628,37.597407,16
3853,Еврейский антифашистский Комитет,55.7440463,37.5993583,9
3860,М. К. Аммосову,55.7686397,37.6468045,14
3868,Некрополь Страстного монастыря XVII – XX вв.,55.7656497,37.6057398,1
3872,Елисеефф Арбат Отель,55.7440471,37.5859508,3
3917,Триумф,55.7548189,37.6244213,1
3963,Деревья любви,55.7443636,37.618606,6
3964,В. Ф. Васильеву,55.7404405,37.624928,52
3980,А. И. Ишкову,55.7662864,37.6272162,23
3989,В. И. Ленину,55.7558314,37.6181748,1
3991,Мартышка и очки;Осёл;Волк и ягнёнок,55.7642592,37.5912969,16
3993,Слон и Моська;Ворона в павлиньих перьях;Две собаки,55.7641933,37.591144,16
3995,Квартет; Дуб и свинья; Петух и кукушка,55.7641274,37.5909911,16
3997,Зеркало и обезъяна; Ворона и лисица; Волк и журавль,55.7643251,37.5914498,16
4009,Полесье,55.7587883,37.6377942,15
4022,Памятный камень на месте Иоанно-Златоустова монастыря,55.7592852,37.6320804,15
4034,Л. Г. Полищук,55.7598839,37.6557213,15
4045,Имрус,55.7564584,37.584828,3
4053,Доходный дом О. С. Петровской,55.7465279,37.586448,3
4054,Подводный обитаемый аппарат «Аргус»,55.7559193,37.6123444,1
4055,М. С. Сарьяну,55.7495502,37.586889,3
4056,"Борису Тенину, Лидии Сухаревской",55.7577589,37.5889174,16
4058,Остатки фундамента храма Николая Чудотворца в Столпах,55.7597659,37.6361088,15
4067,Г. В. Чичерину,55.7622374,37.6277254,23
4068,Выставочный комплекс Российской академии художеств,55.7410324,37.5928938,9
4069,Л. М. Карахану,55.7622618,37.6273376,23
4071,К. С. Станиславскому,55.7607462,37.6244052,23
4078,"Военным контрразведчикам, отдавшим жизнь за Отечество",55.7431017,37.5986239,9
4080,В. И. Сурикову,55.7467207,37.6051117,9
4081,Мемориальный музей-квартира А. М. Горького,55.7582421,37.5963004,16
4082,Н. К. Рериху и Е. И. Рерих,55.746864,37.6032078,9
4085,С. Н. Рериху,55.7468708,37.603865,9
4088,Ю. Н. Рериху,55.7469712,37.603983,9
4096,Маросейка 2,55.7571647,37.6324027,15
4130,А. В. Ляпидевскому,55.7548496,37.5998324,16
4132,М. П. Белоусову,55.7547942,37.5998615,16
4134,Г. А. Ушакову,55.7543736,37.6000918,16
4136,Н. В. Гоголю,55.7541461,37.6001825,16
4137,"Отель ""Калифорния""",55.7611112,37.6523429,15
4143,Музей ОСАО «Ингосстрах»,55.7430911,37.6265752,52
4145,Мэри Поппинс,55.741535,37.6277183,52
4147,Эден,55.7544028,37.6383319,15
4153,Дом вверх дном,55.7505852,37.5947334,3
4154,Н. А. Касаткину,55.7642804,37.6350648,14
4155,Уютная компания,55.7638098,37.6145476,1
4156,Н. К. Крупской,55.7636163,37.6400892,15
4158,А. В. Луначарскому,55.7636568,37.6400123,15
4166,А. А. Григорьеву,55.7567232,37.6266625,1
4174,А. М. Измалкову,55.7562604,37.6264775,1
4176,С. А. Есенину,55.7661581,37.614015,1
4178,М. И. Бабановой,55.7662242,37.6141786,1
4180,А. В. Вертинскому,55.7638046,37.6072014,1
4185,А. Н. Толстому,55.758506,37.5960001,16
4192,В. С. Ляхову,55.7617724,37.595591,16
4194,122-мм гаубица образца 1910 года,55.7424049,37.6420368,52
4195,122-мм гаубица образца 1910 года,55.742568,37.6418987,52
4197,К. С. Москаленко,55.7425128,37.6418438,52
4199,С. М. Будённому,55.7424787,37.6418743,52
4201,Н. И. Крылову,55.7424447,37.6419047,52
4203,В. Л. Говорову,55.7424106,37.6419352,52
4207,Дом на Маяковке,55.7667445,37.5966097,1
4221,А. И. Солженицыну,55.7644247,37.6085957,1
4222,Н. А. Островскому,55.7642937,37.6065025,1
4224,Аджару Мутталимову,55.7643364,37.6078897,1
4229,А. К. Жебрунову и С. Д. Барболину,55.7611274,37.6023439,16
4230,Омар Хайям,55.7650207,37.6086279,1
4231,В. И. Ленину,55.7568081,37.5965948,16
4232,В. В. Виноградову,55.7538838,37.6023489,16
4242,П. М. Фитину,55.7374236,37.5953932,9
4246,Г. И. Хетагурову,55.7479355,37.5971677,3
4249,А. И. Зенину,55.7504909,37.5952546,3
4257,И. А. Каримову,55.7345627,37.6199247,6
4258,Столешников,55.7618449,37.6153784,1
4260,Майя Плисецкая,55.7618934,37.6143218,1
4270,На Кузнецком,55.7616149,37.6167432,1
4272,Л. М. Гурченко,55.7654253,37.5942609,16
4308,Надгробие иерея Марка,55.7567391,37.6114731,1
4347,Галерея Гари Татинцяна,55.7500257,37.6499987,20
4349,Вере Мухиной,55.7430087,37.5956052,9
4356,Лайла,55.7417976,37.6276729,52
4358,А. И. Райкину,55.7678652,37.5985542,1
4359,И. А. Пятницкому,55.7595593,37.5993972,16
4374,Ф. В. Токареву,55.7409847,37.6167994,6
4379,С. А. Чаплыгину,55.7643354,37.6457156,15
4381,Э. Т. Кренкелю,55.7644375,37.6455614,15
4383,В. К. Монюкову,55.7641296,37.6460402,15
4385,А. М. Горькому,55.764157,37.645997,15
4391,А. М. Васнецову,55.7638783,37.6486762,15
4399,Плед,55.7729238,37.6140936,1
4402,В. А. Гиляровскому,55.7635088,37.6152878,1
4427,А. С. Пушкину,55.7586212,37.6047181,16
4435,В. А. Серову,55.7515646,37.6076081,3
4437,В. И. Ленину,55.7525394,37.6077493,3
4456,В. Я. Шишкову,55.7626332,37.6087359,1
4458,Д. Ф. Устинову,55.7504717,37.6036051,3
4459,Р. Я. Малиновскому,55.7504195,37.60382,3
4460,Алмазный фонд,55.749614,37.613758,1
4461,Г. К. Жукову,55.7503824,37.6039745,3
4469,РотФронт,55.7339135,37.6319684,52
4492,Д. В. Шурпенко,55.7647192,37.6115128,1
4495,Ледяная пещера,55.7516275,37.629121,1
4496,М. В. Нестерову,55.7464449,37.5866067,9
4497,Мэри Поппинс,55.7386814,37.6284501,52
4498,А. Н. Рыбакову,55.7478298,37.5866106,3
4500,Подземный музей,55.7500056,37.6288121,1
4502,Заповедное посольство,55.7517745,37.6282163,1
4503,А. И. Герцену,55.7471771,37.5920005,9
4504,Большой амфитеатр,55.7512737,37.6300696,1
4508,Гайдару Е. Т.,55.7576027,37.6085693,16
4510,Луг,55.7512132,37.6294477,1
4511,В. Н. Пашенной,55.7566129,37.6068939,16
4512,Луг,55.7520643,37.6304432,1
4514,Северные ландшафты,55.7519513,37.6291634,1
4516,Берёзовая роща,55.7519178,37.6258672,1
4517,Смешанный лес,55.7510054,37.6262962,1
4520,Берёзовая роща,55.7512122,37.6280764,1
4522,Хвойный лес,55.7506312,37.6270735,1
4524,Прибрежный лес,55.7501641,37.6259061,1
4526,Степь,55.7505633,37.6285324,1
4528,Малый амфитеатр,55.7506177,37.6308779,1
4530,Стеклянная кора,55.7512311,37.6311519,1
4532,Видовой холм,55.7510759,37.631256,1
4533,В. С. Высоцкому,55.7718568,37.616121,1
4534,Китайгородская стена,55.7512125,37.6324789,1
4535,В. С. Высоцкому,55.771796,37.6156769,1
4537,В. В. Маяковскому,55.7597368,37.6292278,15
4562,А. А. Давиденко,55.7479299,37.5869147,3
4564,И. Д. Папанину,55.7482728,37.587982,3
4568,Д. Н. Медведеву,55.7698819,37.6037452,1
4585,М. М. Литвинову,55.7681262,37.6483038,15
4588,Н. Д. Телешову,55.7607711,37.6461181,15
4589,Н. К. Крупской,55.7654382,37.6420267,15
4591,М. И. Калинину,55.7676653,37.593876,16
4597,Аллея правителей,55.7565478,37.636425,15
4601,Кадашевская слобода,55.7430156,37.6229033,6
4603,Вилла Кадаши,55.7437388,37.6218492,6
4607,Ковчег,55.7541211,37.5873364,3
4615,В. Р. Петрову,55.7410409,37.5979896,9
4630,Выставочные залы на Арбате,55.7469328,37.5854824,3
4632,Музей-мастерская народного художника СССР Д.А. Налбандяна,55.7626272,37.6111323,1
4658,Эрмитаж,55.7546199,37.6497723,15
4666,Боям в октябре 1917 года,55.7573803,37.5990872,16
4672,Т. Е. Хренникову,55.7456161,37.5893012,9
4674,П. П. Полубоярову,55.7469343,37.5903836,9
4676,В. И. Варенникову,55.7469747,37.59037,9
4677,И. Х. Баграмяну,55.7470027,37.5902673,9
4679,А. Н. Комаровскому,55.7469975,37.590218,9
4681,Н. В. Огаркову,55.7469936,37.5901811,9
4683,А. Н. Ефимову,55.7469889,37.5901375,9
4685,П. Ф. Батицкому,55.7469845,37.590096,9
4687,И. Н. Кожедубу,55.746977,37.5900251,9
4689,М. А. Шолохову,55.7469565,37.5898508,9
4710,Брестоль,55.7674763,37.6080036,1
4712,Богемия,55.7671224,37.6077287,1
4714,Амурские тигрята,55.7670794,37.6418322,15
4740,Эсквайр,55.7682615,37.6157987,1
4743,Доходный жилой дом (З. А. Перцевой),55.7427293,37.6060455,9
4745,Цветковская галерея,55.741584,37.6066744,9
4746,Французской Военной Миссии,55.7416671,37.6067066,9
4747,Бульвар,55.7724424,37.6195626,1
4749,Нормандия — Неман,55.7417411,37.6067352,9
4751,Французским летчикам полка Нормандия Неман,55.7417315,37.6067315,9
4757,МИРРОС — Москва Кремль,55.7510161,37.6104176,1
4762,И. Г. Эренбургу,55.7625934,37.6087847,1
4805,Музей-квартира А. Б. Гольденвейзера,55.7632313,37.6070257,1
4807,Музей-квартира Н.С. Голованова,55.7583598,37.6058437,16
4820,Эритаж,55.7641868,37.6173977,1
4822,Галерея На Чистых Прудах,55.7636189,37.6421866,15
4828,Galerie Iragui,55.7345817,37.6174511,6
4830,Крокин галерея,55.7406665,37.6261647,52
4833,Кино,55.7540926,37.5920132,3
4839,Веллум,55.7413776,37.5919854,9
4841,Семенов,55.7412302,37.5915941,9
4861,Н. В. Ковшовой,55.7678075,37.6384466,14
4863,А. Н. Скрябину,55.7507704,37.5901997,3
4867,Старая Москва,55.7580091,37.6348418,15
4869,На Маросейке,55.7582823,37.6343764,15
4883,Ю. И. Визбору,55.7715627,37.6350459,14
4890,Визиту президента Французской Республики Жака Ширака,55.7630351,37.6318012,14
4892,В память о боях революционных отрядов с белогвардейцами в октябре 1917 года,55.7620446,37.6316162,14
4896,63-му зенитной артиллерийской дивизии Московской зоны ПВО,55.7718818,37.6369017,14
4898,В. И. Ленину и А. М. Горькому,55.7658901,37.6352821,14
4906,А. А. Бахрушину,55.7316779,37.6379929,52
4908,Профессиональному обществу рабочих металлургического и машинного производства,55.7354927,37.6350856,52
4922,17-й дивизии народного ополчения Москворецкого района,55.7318388,37.6262652,52
4924,С. Г. Навашину,55.7358289,37.6272622,52
4926,Л. Н. Толстому,55.7433274,37.6280786,52
4928,В. И. Лебедеву-Кумачу,55.744263,37.6275519,52
4930,А. Н. Островскому,55.738846,37.626314,52
4932,А. А. Ахматовой,55.7426208,37.6251842,52
4934,В. И. Ленину,55.7434856,37.630231,52
4939,Старосадский,55.7560356,37.6387384,15
4968,Встречи на Арбате,55.7513407,37.5916341,3
4970,"Музей-квартира актерской семьи М. В., А. А. Мироновых — А. С. Менакера",55.7463526,37.5926681,9
4972,Скорбящая,55.747398,37.5961818,9
4974,Женщина с крыльями,55.7473744,37.5960638,9
4976,Встреча на Эльбе,55.7474803,37.5955746,9
4978,Руки,55.7473881,37.5956743,9
4980,Экология,55.7475418,37.5958116,9
4982,Мальчик на коне,55.7474645,37.5959987,9
4997,Элизиум,55.7652559,37.6027451,1
5074,Центральный музей МЧС России,55.7595451,37.6222911,23
5078,Наумов,55.7671239,37.6320188,14
5095,Музей-мастерская Людмилы Гурченко,55.7657047,37.5949869,16
5101,Центр Гиляровского,55.763473,37.6153462,1
5131,Музей международного нумизматического клуба,55.7493962,37.5973029,3
5148,Усадьба Охотниковых,55.7408059,37.5904968,9
5149,И. А. Ефремову,55.7560647,37.6350995,15
5151,Т. Р. Рыскулову,55.7546383,37.647662,15
5153,В. Н. Пчелину,55.7547418,37.6477145,15
5163,В. И. Ленину,55.7568097,37.6143921,1
5209,Граунд Солянка,55.7546034,37.6384437,15
5210,Галерея Александра Шилова,55.7490545,37.608298,9
5270,Тюбинг,55.7340103,37.6301821,52
5272,В. И. Ленину,55.7676862,37.6065035,1
5278,К. С. Алабяну,55.7557111,37.584656,3
5279,Кремлевский,55.7475883,37.6099051,9
5282,И. И. Ловейко,55.7558628,37.5847206,3
5323,Стрелецкие палаты,55.7411623,37.6224044,6
5340,Неаполь,55.7588037,37.6051538,16
5345,Н. А. Островскому,55.7438514,37.5928322,9
5347,Весниным,55.7436222,37.5878383,9
5349,Н. С. Стрелецкому,55.7426747,37.5893033,9
5351,Н. А. Дыгаю,55.7424857,37.5889087,9
5353,Е. А. Иванову,55.7420642,37.5896719,9
5359,В. А. Гиляровскому,55.7630313,37.6149125,1
5361,Е. К. Малиновской,55.7607242,37.6152827,1
5363,С. С. Прокофьеву,55.7601461,37.6143333,1
5365,Н. Н. Асееву,55.7593917,37.612671,1
5370,А. М. Горчакову,55.7358539,37.5950346,9
5373,И. Н. Плаксину,55.7376137,37.6201001,6
5410,Крым: Балаклава,55.7630085,37.6542418,15
5412,Крым: Гаспра,55.7631987,37.6546369,15
5414,Чемоданов,55.7581662,37.6392688,15
5415,Артиллерийский двор,55.755801,37.6188585,1
5425,В. И. Ленину,55.7571156,37.639883,15
5427,И. С. Шмелёву,55.7405971,37.621943,6
5431,М. И. Якушину,55.7705588,37.5993093,1
5432,К. И. Бескову,55.7706901,37.5996003,1
5449,25 кадр,55.7347892,37.6336777,52
5450,Е. П. Славскому,55.7398578,37.6241761,6
5452,Е. Л. Дзигану,55.7352409,37.6186976,6
5454,Г. Л. Рошалю,55.7352408,37.6186118,6
5457,Ю. Я. Райзману,55.7352408,37.6184803,6
5458,"Покровка, 6",55.7587426,37.6420301,15
5483,Рус - Покровские ворота,55.7600269,37.6510075,15
5494,Собрание,55.7506478,37.6419228,20
5513,Феллини,55.7571911,37.6569995,15
5519,Г. К. Жукову,55.7663358,37.6466197,15
5523,А. Я. Невскому,55.7663193,37.6465449,15
5526,М. И. Кутузову,55.7663275,37.6465823,15
5533,Сцена,55.7377565,37.6279351,52
5534,А. И. Герцену,55.7471564,37.59181,9
5535,Рихтер,55.7378464,37.6279271,52
5551,Арбат 42,55.7486537,37.5866827,3
5558,Остатки фундамента храма Николая Чудотворца в Столпах,55.7597659,37.6361088,15
5559,С. А. Чаплыгину,55.7643558,37.6456838,15
5571,"Гостиница у покровских Ворот, начало XIX в., арх В.П. Стасов (Восточный корпус)",55.7589915,37.646411,15
5572,А. П. Чехову,55.7693095,37.6336884,14
5585,Музей экслибриса и миниатюрной книги,55.7609083,37.6229448,23
5593,Кремлевские Огни,55.747803,37.6091637,9
5596,Е. Б. Вахтангову,55.7437196,37.5877737,9
5599,А. В. Луначарскому,55.7439417,37.5873937,9
5607,А. С. Голубкиной,55.7416419,37.5861581,9
5609,Дом дворцового ведомства,55.7426295,37.5881674,9
5611,Доходное владение Г. Е. и А. Г. Бройдо — В. Я. Бурдакова. Жилой дом,55.7437938,37.5874818,9
5622,Денежный переулок,55.7424625,37.5883089,9
5623,Наумов,55.7665125,37.6307809,23
5624,Е. Б. Вахтангову,55.7437532,37.5877515,9
5629,В. Т. Шаламову,55.7428998,37.5911495,9
5632,А. И. Кравченко,55.7429211,37.5910691,9
5639,М. С. Шагинян,55.7483521,37.5882382,3
5647,Боям октября 1917 года,55.7479747,37.5830998,3
5650,А. С. Пушкину,55.7476125,37.5859479,3
5652,А. С. Пушкину,55.747523,37.5856754,3
5654,А. Белому,55.7474442,37.5854208,3
5660,Государственный музей Л. Н. Толстого,55.7423932,37.5974458,9
5661,Музей Отечественной войны 1812 года,55.756272,37.6186895,1
5662,Немцов мост,55.7501677,37.6240663,1
5666,Музей археологии Москвы,55.7563277,37.6171792,1
5683,Выставочный зал Московского союза художников,55.7571322,37.6405576,15
5724,Фронтовой собаке,55.7653168,37.6125226,1
5730,Turris Hotel Tagansky,55.7499308,37.6487743,20
5774,Меншиков,55.7626838,37.6388879,15
5795,Музей-квартира Александра Солженицына,55.7637514,37.6094053,1
5807,А. С. Иванову,55.7427475,37.6020751,9
5815,В. М. Голицыну,55.7615558,37.6515152,15
5832,Выставочный зал Московского союза художников,55.7649971,37.611284,1
5846,Н. К. Крупской,55.7728907,37.6148315,1
5858,Колымажный переулок,55.7487361,37.6005978,9
5862,А. А. Епишеву,55.7488989,37.6009244,3
5863,Площадь Красные Ворота,55.7682452,37.6496111,15
5895,Мемориальный музей-квартира А.И. Сумбатова-Южина,55.7642796,37.5985984,16
5901,А. Н. Островскому,55.7596163,37.6202984,1
5909,Мемориальная музей-квартира Г.М. Кржижановского,55.7462895,37.6333277,52
5937,В. И. Ленину,55.7354913,37.5950155,9
5939,Здание Народного комиссариата просвещения,55.7355973,37.5947848,9
5941,Площадь Мясницкие Ворота,55.7653699,37.6383716,15
5946,Доходный дом И. П. Исакова,55.7413137,37.5927968,9
5948,Дивизии народного ополчения Фрунзенского района,55.7386933,37.5949769,9
5951,С. М. Соловьёву и И. А. Гончарову,55.7389432,37.5951991,9
5952,Д. Н. Филиппову,55.741225,37.5912697,9
5953,Птичка,55.7706837,37.6277204,23
5954,Н. И. и С. И. Вавиловым,55.7386191,37.5949,9
5956,Коммерческое училище,55.7384802,37.5947249,9
5959,Служебный корпус городской усадьбы А. А. Тучкова — И. А. Морозова,55.7410522,37.5927682,9
5961,Ф. Платтену,55.7384225,37.5946665,9
5966,И. С. Тургеневу,55.7387012,37.5959487,9
5969,И. С. Тургеневу,55.7388168,37.5960146,9
6003,С. Т. Конёнкову,55.7640388,37.6052439,1
6011,Остоженка,55.7379483,37.5955877,9
6028,Сквер Майи Плисецкой,55.7618734,37.6142531,1
6030,А. А. Яблочкиной,55.7598272,37.6162642,1
6032,Петровский переулок,55.7648827,37.6113818,1
6033,Арбат 25,55.7500319,37.5948849,3
6034,Давыдов,55.7501814,37.5944987,3
6045,Отдыхающий Пушкин,55.753419,37.5954552,3
6047,В. М. Соломину,55.7545979,37.5999344,16
6049,Н. В. Гоголю,55.7541953,37.6001739,16
6050,Жилой дом Главсевморпути (дом полярников),55.7545671,37.5999506,16
6052,Никитский бульвар,55.7533459,37.6002304,3
6060,Д. Н. Чечулину,55.7480574,37.6439061,20
6063,А. С. Политковской,55.7620987,37.6395424,15
6069,И. С. Тургеневу,55.7468973,37.6002282,9
6074,Мигелю Эрнандесу,55.7567728,37.5944386,16
6091,В. Г. Захарову,55.7620737,37.6095664,1
6093,И. М. Майскому,55.7621265,37.6097404,1
6095,М. И. Ромму,55.7621552,37.609835,1
6101,Софит,55.7637786,37.6017608,16
6115,Купеческий клуб,55.7677694,37.6064737,1
6117,Е. Б. Вахтангову,55.7496375,37.5916948,3
6122,Серпентенит,55.7557686,37.6127176,1
6124,Реабилитированы,55.7500535,37.5997839,3
6125,Угольный комбайн,55.7558116,37.6126479,1
6160,И. А. Антоновой,55.7546923,37.6476894,15
6162,И. А. Антоновой,55.7470037,37.6057175,9
6198,Л. А. Кассилю,55.7605282,37.6148533,1
6200,А. С. Пушкину,55.7438271,37.5982511,9
6240,И. М. Губкину,55.7622645,37.6061126,1
6246,Колымажный переулок,55.7472115,37.607052,9
6247,В. И. Ленину,55.7525715,37.6108039,3
6249,"Дом, в котором жил и работал В. А. Тропинин",55.7469051,37.6071705,9
6268,Театральная,55.758676,37.6176484,1
6270,Большой Каменный мост,55.7475471,37.6112395,9
6273,В. А. Касатонову,55.7469808,37.5900606,9
6274,А. А. Скочинскому,55.7311587,37.6091523,6
6275,Московская гимназия им. И. и А. Медведниковых,55.7469018,37.5953064,9
6282,П. П. Шершову,55.7439679,37.6137354,6
6284,Живые павшим обязаны вечно,55.7408535,37.6086545,6
6286,Н. К. Мешко,55.7543803,37.5843546,3
6287,П. П. Кончаловскому,55.7542272,37.5843016,3
6289,Х. Д. Мамсурову,55.7555286,37.5846127,3
6325,Е. В. Вучетичу,55.7473992,37.5966295,9
6326,П. И. Батову,55.7473815,37.5967407,9
6327,С. Т. Аксакову,55.7464735,37.597489,9
6328,В. Ф. Маргелову,55.7473586,37.596885,9
6330,И. М. Третьяку,55.7473188,37.5969357,9
6334,А. В. Геловани,55.747375,37.596782,9
6336,С. К. Куркоткину,55.7473773,37.5967673,9
6340,Н. Ф. Шестопалову,55.7474043,37.5965974,9
6343,Красная Москва,55.7705128,37.6001817,1
6349,А. М. Василевскому,55.7452485,37.6019308,9
6375,Жилой дом Н. К. Боля — К. А. Гутхейля,55.7452133,37.5865023,3
6398,Ель,55.7607604,37.6462144,15
6413,В. И. Ленину,55.743689,37.5843519,9
6433,И. М. Виноградову,55.7669624,37.6017144,1
6435,Сон,55.763344,37.646952,15
6438,Г. П. Вишневской,55.7403741,37.5975148,9
6443,Пречистенский переулок,55.744054,37.5905068,9
6453,И. С. Тургеневу,55.7381922,37.5958862,9
6478,В. М. Максимчуку,55.7673648,37.6332916,14
6480,Павлины,55.7613935,37.6017755,16
6481,С. М. Эйзенштейну,55.760215,37.6467002,15
6482,Пегас,55.7616319,37.6019914,16
6504,"Тверская, 12",55.7638521,37.6073009,1
6506,Парадиз Бутик А.В. Тверская,55.7638691,37.607325,1
6515,Чехов,55.7690521,37.6041784,1
6530,В. П. Бровкину,55.7540966,37.6094237,3
6532,К. А. Тимирязеву,55.7541634,37.6098364,3
6536,Демьяну Бедному,55.7662931,37.6282583,23
6542,С. Я. Маршаку,55.7598881,37.6526195,15
6565,Никитская капсула,55.7571504,37.6025721,16
6572,Чайковский,55.757222,37.6019445,16
6644,Билибин Гарден,55.7480385,37.6270916,52
6647,Ю. В. Никулину,55.7601323,37.5974308,16
6650,Огни столицы,55.7474852,37.6295672,52
6692,Китай-Город,55.750912,37.6405522,20
6739,П. Н. Лебедеву,55.7439479,37.5914096,9
6776,Елизавете Фёдоровне Романовой,55.7377293,37.6230602,6
6801,Ассамблея Никитская,55.7563719,37.6069743,16
6809,В. И. Долгих,55.7666487,37.6068201,1
6812,Ленинград,55.7547285,37.6158607,1
6813,Киев,55.7546711,37.6158254,1
6815,Минск,55.7546133,37.6157898,1
6818,Сталинград,55.7545536,37.6157531,1
6820,Севастополь,55.7544976,37.6157186,1
6822,Одесса,55.7544455,37.6156865,1
6824,Керчь,55.7543935,37.6156545,1
6826,Новороссийск,55.7543295,37.6156151,1
6828,Брестская крепость,55.7542788,37.6155839,1
6830,Тула,55.7542112,37.6155422,1
6833,Мурманск,55.7541542,37.6155071,1
6834,Смоленск,55.754101,37.6154744,1
6836,Города воинской славы,55.7540386,37.615436,1
6840,М. Ф. Митькову,55.7707106,37.6053534,1
6842,Место Страстного Собора,55.7659609,37.6069172,1
6845,В. А. Ершову,55.7650091,37.5944705,16
6865,Наумов,55.7644312,37.6311162,14
6879,Н. В. Гоголю,55.7578393,37.5916046,16
6883,Ф. Ш. Мелик-Пашаеву,55.7674769,37.5999179,1
6885,А. К. Бурову,55.7677677,37.5993982,1
6889,А. П. Чехову,55.7716292,37.6041795,1
6890,Музей Златоустовского монастыря,55.759046,37.6341096,15
6957,Махатме Ганди,55.7528555,37.6502497,20
6959,В. И. Ленину,55.7599762,37.6161483,1
7021,Глаз,55.7450493,37.5951035,9
7023,Апельсин,55.7624846,37.6443341,15
7036,Музей истории органов внутренних дел Москвы,55.7672567,37.6317868,14
7066,Акула,55.7699183,37.5980258,1
7067,Гестен,55.7460885,37.6313171,52
7079,Взгляд ребёнка,55.7688086,37.6282503,23
7084,МетаМосква,55.749259,37.645293,20
7131,Галерея,55.7332324,37.6253659,52
7174,Есенин,55.7452863,37.5893851,9
7176,Амстердам,55.7490099,37.5878911,3
7250,Мери Поппинс,55.7536033,37.5892858,3
7312,Аристократ,55.7635696,37.6095848,1
7552,Музей мертвых кукол,55.7540547,37.5922349,3
7690,Музей советских игровых автоматов,55.7644078,37.6237616,23
7692,Силуэт,55.7690523,37.6168174,1
7975,Анонимному рецензенту,55.7594527,37.6409572,15
8006,Музей восстания машин,55.7408357,37.6089506,6
8007,Российский музей медицины,55.7519588,37.649217,20
8012,Памяти жертв сталинских репрессий,55.7358656,37.6087457,6
8013,"Никто не забыт, ничто не забыто",55.7348959,37.6077414,6
8014,Степан Супрун,55.7347568,37.6074797,6
8015,Калинин,55.7360843,37.609274,6
8090,Ключ счастья,55.7487271,37.5983582,3
8096,Памятник бездомным животным,55.7335307,37.6050224,6
8166,Большая глина № 4,55.7420554,37.6131481,6
8182,Музей военной формы,55.7579563,37.591103,16
8212,Абрикос,55.7592241,37.630797,15
8242,Пятницкая,55.7456313,37.6278426,52
8313,Музей МХАТ,55.7599794,37.6131501,1
8318,Каретный ряд,55.7725179,37.616761,1
8397,Сенатор,55.7584295,37.6297416,15
8437,Музей Павла и Сергея Третьяковых,55.7376273,37.611529,6
8450,"Арбат, 6",55.7521573,37.5971876,3
8590,Наковальня,55.7395066,37.6052235,9
8595,Слон,55.75657,37.6000301,16
8653,Агата,55.7626305,37.6136685,1
8716,РОСИЗО,55.7567232,37.6366483,15
8730,Дом-музей и экспедиционный штаб Федора Конюхова,55.7354622,37.6437885,52
8746,Квадрига Аполлона,55.759764,37.6188255,1
8758,Ван Гог,55.7597847,37.6564537,15
8825,Музей рециклинга,55.7618469,37.6403381,15
8830,Восточная,55.7686911,37.6273286,23
8865,Мемориальный музей-квартира Тимирязева Климента Аркадьевича,55.754143,37.6095016,3
8934,Галерея Василия Нестеренко,55.7716549,37.6041158,1
8947,Зима-лето,55.7705626,37.6025051,1
8948,Скамейка ремёсел,55.7659907,37.6357457,14
8949,Скамейка ремёсел,55.7660081,37.6358657,14
8950,Скамейка ремёсел,55.7660609,37.6359382,14
8957,Подворье,55.7567428,37.6227222,1
8977,Это не здесь,55.7651736,37.6325646,14
8984,Музей русского зарубежья,55.7427959,37.6508734,20
9009,Память,55.7532064,37.6467173,15
9072,Галеев - галерея,55.7640155,37.5950908,16
9112,Тихонов на Ордынке,55.7440597,37.623083,6
9113,Концерт на Таганской,55.744959,37.652073,20
9115,Чайковский,55.7655728,37.5913176,16
9124,Люмьер,55.7609588,37.6323125,15
9138,Ретро Москва,55.7542705,37.5868142,3
9296,Творческая мастерская С.Т. Конёнкова,55.764026,37.6053067,1
9342,Гнёздышко,55.7628618,37.6052879,1
9343,Птица-синица,55.7627871,37.6053911,1
9466,Рождение Пегаса,55.7473446,37.5957834,9
9467,Военный с ребёнком,55.7472978,37.5959799,9
9468,Ангел,55.7474693,37.5962008,9
9491,Дипломат,55.7332911,37.6167275,6
9511,Нехорошая квартира,55.7670476,37.5939051,16
9534,Рудно-петрогрофический музей,55.7376382,37.6212785,6
9553,"Музей ПАО ""Лукойл""",55.7665732,37.6354399,14
9556,Люмьер,55.7310525,37.6221827,6